2584,42725,4,5225,3129,1534,1,8265,2593,619,39556,1,10665,34,8804,6582,833,2768,16156,3125,3930,65,20,716,6897,2444,353,606,1211,8864,7588,141,2521,2525,473,235,59,92,1288,656,3681,9,43,14792,81,294,3,1824,2099,270,474,3368,307,157,600,25,10,0,2268,0,2231,2060,777,3825,1,5978,0,423,2100,848,335,100,765,84,499,3380,1982,7,1510,2,1831,873,1667,2259,60,460,2034,55,142,592,1,0,154,25,1544,1,2560,1681,5,1824,655,18,3770,4801,5,538,0,71,196,505,1,12,462,863,61,9,1,1245,1958,1531,287,5420,39,55,206,4,0,149,5,4,243,3,581,4,21,219
56352,293447,39943,123290,37271,2264,16888,168590,15809,3982,510958,9342,198525,29608,23148,8155,124402,20881,117484,59586,2932,2962,9395,145873,296035,40911,7126,42930,35929,61515,220085,23204,5151,193103,4368,6127,329,1571,22334,7991,30203,30789,32027,56646,11116,18151,8409,6729,25287,49117,7969,35523,35675,39622,2800,28728,34524,5457,3954,85007,20173,28347,12079,93397,31341,29290,10533,19013,14864,8616,9303,28078,20847,12291,66240,24746,8163,30633,12533,12887,20727,12913,6483,5057,6141,112957,57246,12507,12948,27744,6241,6211,28972,5573,7990,4716,38211,4453,27849,17653,2930,16215,26368,17938,6327,20393,12842,6274,7701,14115,3043,6980,9493,6403,4205,14003,5789,7614,7097,24529,1736,6714,3506,8236,1774,397,4146,31933,7172,8964,7038,14184,4848,8926,1603,6526
2,25089,4254,8132,0,1,2530,4102,0,149,7783,2321,1166,0,0,0,670,287,5597,5230,2842,4,0,1505,2667,883,240,755,8008,27,3981,45,3,11255,15,778,27,0,12,0,1163,0,2360,1502,0,109,0,1402,616,253,0,233,33,283,0,4,665,316,6,18790,18,379,1403,437,388,345,0,118,198,5,80,6,165,20,698,743,0,2920,972,14,2063,102,0,0,0,151,71,27,181,293,0,42,322,0,888,0,668,4,143,1336,0,13,338,201,5,201,1282,116,354,154,0,9,35,77,917,1028,0,31,2,10,54,0,280,1,0,10,70,208,14,1,11,1,6,22,0,279
4183,26470,10778,35747,11646,362,4941,18186,2,473,17206,1002,10809,8813,1593,1,1241,6653,19062,2644,3552,145,911,2421,8068,4959,737,2168,32808,2542,2405,2119,0,4758,517,181,21,34,317,873,5962,6453,29548,109790,2699,632,2127,1249,1161,148,4,1113,183,379,0,720,885,727,2,4149,1160,2395,3951,3582,656,13220,5467,153,5175,39,520,657,1061,296,1101,4826,1148,328,2051,516,10052,488,2875,5227,1982,617,622,83,117,763,1759,6012,8835,2519,2473,2986,50848,1957,412,9887,1039,462,20847,704,135,2692,347,245,1456,469,2075,197,292,53,303,114,191,8753,10409,76,324,4561,1364,375,1129,3,295,75,108,288,481,290,19,146,1042,127
2107,19917,18,9452,1326,142,0,8999,7,166,26226,0,5219,16,1669,2,2857,11593,9770,1890,2344,136,9513,1023,13795,2172,460,1697,3393,7074,7796,355,0,6779,10,48,22,219,29,21,2798,11,514,12782,55,2228,155,1779,901,126,385,2352,1270,937,0,29,148,0,2,0,3580,1204,1414,24312,24,1788,502,60,1310,42,104,102,1348,182,744,2924,4253,86,1284,127,2598,129,2022,2845,85,673,4196,93,46,475,320,51,1027,13,1872,409,1557,760,133,820,2881,10,2868,8349,82,81,0,94,516,169,291,4258,5078,291,39,7,109,902,902,4495,307,16511,938,0,5280,31,0,1952,276,121,653,135,1675,72,6121,83
5554,6082,0,114,357,734,5,699,250,33,2389,0,350,5469,1983,966,3201,20255,5110,79,511,38,13,1698,547,895,914,2471,13658,109,272,10,450,244,147,383,5,1240,157,43,95,4,327,442,10,4336,0,313,891,194,843,65,3187,2070,48,23,12,0,303,0,1890,636,2298,231,7,143,3,220,221,553,64,238,231,553,91,128,264,1,209,2,1434,384,341,545,2,84,1214,23,315,46,90,84,7,264,155,155,39,34,20,3031,119,0,385,6,2,16,1,3,4,15,39,3,71,20,2,0,0,285,24,17,54,3,663,9,0,0,0,11,66,12,52,0,18,17,6,1
0,12226,2611,2333,0,0,529,887,0,24,4596,33630,15,3,0,0,1972,5492,2603,202,1003,0,0,1921,1386,456,246,2988,12002,4,1440,2,0,3782,0,173,4,0,6,0,17,0,6796,13,0,1542,0,1691,473,439,0,1,608,1436,0,0,4,7964,2,4817,13,292,823,10,2812,338,0,168,229,0,58,20,24,4,300,256,0,499,141,1,977,193,0,0,0,456,105,70,18,94,3,57,0,0,363,0,231,0,180,1820,0,1,125,16,5,69,365,50,86,29,0,2,30,550,164,0,0,40,0,32,0,0,4257,0,0,15,4,346,14,6,56,1,15,0,0,0
8461,118046,4385,16197,4005,510,808,8929,1973,1893,29288,470,21303,6247,2080,850,4423,4108,31346,8169,6726,454,1183,6929,23754,8952,512,3402,9058,9497,7006,544,386,7645,133,808,59,239,1899,868,5212,1195,1155,5866,2775,1021,1254,12760,6915,3129,422,6937,1225,1342,172,1729,3035,106,318,7148,1723,4377,1424,5314,674,5961,667,643,9604,510,556,15848,1342,741,4019,14380,995,962,2246,551,6212,6546,807,343,409,1321,4396,1149,2461,1463,203,428,2129,321,3713,318,3608,2322,16177,7658,346,750,6740,855,574,12463,208,257,1511,5822,115,2240,931,3667,219,3691,6696,1782,1000,1582,1247,823,219,58,1479,74,201,101,406,3949,554,13702,149,4164,1202,305
1359,14116,0,9,30,79,0,2740,1329,647,9572,0,5102,0,1503,1367,1651,5560,5218,1347,959,125,0,559,3998,2988,32,1129,931,1892,4939,67,6955,949,52,129,63,67,12973,2,2338,3,1,7799,2,2087,0,812,512,66,47,78,1121,956,2997,2,4,0,570,0,174,549,620,0,0,2496,0,3,717,328,73,6,102,269,353,1914,1,1,410,0,843,127,57,0,0,244,1210,25,21,140,0,0,0,1,469,0,1088,765,0,864,0,0,2992,4739,2,0,0,74,124,98,0,0,105,116,27,2,0,767,1205,796,22,4,39,28,8,1,0,34,3,0,70,0,264,2,0,0
2578,92320,207,897,167,108,268,235,2481,7452,7356,127,859,266,1095,91,194,477,105839,59,1956,10,33,195,1424,72,27,100,323,116,26668,35,152,3447,19,24,2,18,101,54,136,36,138,675,1034,81,85,342,149,25,97,220,37,45,266,983,5681,130,4,55,35,89570,37,1902,101,79,88,21,85,40,12,22,23,6,850,300,11,48,444,6,110,5,1,38,9,89409,106,49,233,53,271,493,73,2,89730,9,106,24,14,351,67,68,262,321,4,10,11,7717,93451,6,7,3,1,49,31,34,0,173,96,793,28,75,49,50,0,3,14,108,1,229,5,0,37,307,1,36
21908,267468,6837,8080,21883,997,1210,50843,8325,838,28544,1388,16438,68698,23511,13379,3223,5834,56327,24138,11973,476,5231,4914,914859,8686,401,9172,2508,7371,313098,14467,3608,278455,6538,643,92,888,6932,1040,5687,75946,32256,28317,9978,1821,10774,16451,5827,6494,4974,7422,900,1437,9976,14592,31306,2035,10227,16587,4820,26106,19904,113526,17331,55142,36182,1271,12876,6203,2253,22436,7242,21642,15314,15172,11344,38737,2673,19968,2870,7645,6811,10058,20178,491,117469,1361,2481,3128,4480,18533,27338,3331,8450,14623,2536,1978,15784,2900,10764,9644,8557,51324,4188,13772,37926,6943,2954,10373,5765,5314,2632,255,2824,13822,2810,10979,10369,23656,1060,8859,1076,6911,11319,43,1417,20635,4497,10043,3758,18643,6018,10097,2378,5435
0,7404,1595,794,0,0,20973,699,0,9,2706,338,66,0,0,0,1179,10008,1214,275,1522,0,0,1354,863,591,123,1682,3961,2,255,3,0,3019,0,253,3,0,7,0,21,0,4220,15,0,1912,0,1785,269,196,0,6,496,880,0,0,5,13627,0,5233,43,385,425,17,1363,320,0,154,111,1,54,11,88,5,123,104,0,563,145,2,1975,176,0,0,0,122,96,50,16,53,0,2,0,0,54,0,152,0,182,995,0,6,102,5,14,12,100,56,355,23,0,2,13,7,269,0,16,26,0,32,0,0,1247,0,0,29,10,46,10,6,6,7,23,0,0,2
14643,187197,2738,13838,6367,288,19,21815,6478,943,61930,171,33811,11427,8371,3237,6647,1555,24660,2917,3425,708,1202,12852,15550,2574,174,1738,548,74416,14595,2931,3222,10363,3565,467,289,97,8667,3441,10166,15907,652,52550,7256,813,4105,10968,3015,4259,1574,53288,7605,4471,1134,21192,15184,259,609,343,4214,2591,504,9040,446,14642,4638,759,7051,1534,1226,4100,3821,4230,3663,6940,1714,504,1461,8238,850,1171,1203,2275,3119,1011,11292,718,1961,3235,1037,3739,4497,998,5727,3355,3389,716,2277,1154,2266,3858,14275,952,2372,2396,45,1118,1210,1916,2134,2981,4087,940,377,8532,555,7086,13127,3026,507,2243,73,641,1212,21,27,1092,1668,1173,1033,2194,322,1072,465,7949
7,14991,1,5543,204,3129,3,7406,0,74,33318,0,2668,1676,1,0,1248,18800,5099,516,1387,0,8260,982,20283,2583,772,1395,9043,7,7465,355,0,19501,16136,21,5,4,5,82,1555,4389,1107,15887,643,3688,297,2985,443,64,0,932,1179,1950,0,2479,352,0,1,0,1299,3999,1979,4573,338,3978,6859,19,2364,4,89,9165,23,19673,294,2796,5,3287,895,2178,814,594,4,5,495,333,8845,63,12229,141,22478,28264,4137,29972,750,25501,439,14,7853,751,0,667,2277,555,11,1311,0,389,428,39,19835,83,18,2066,284,3985,24,140,1704,3058,373,0,2292,16896,26,3,2,133,1222,4891,132,458,95,3637,33,2447
8090,13836,0,94,4264,887,0,4132,44,2289,42280,0,6338,30,523,1287,359,6183,12189,536,1064,67,0,398,10106,1953,1107,482,1935,2128,9310,5,8,786,23,24,11,439,39,969,4166,5,11,24719,0,899,0,2417,307,101,18440,384,450,582,2,0,0,0,398,0,1397,1766,660,47,0,12955,0,18,1476,10091,263,17,126,23,672,7339,2,2,567,0,771,749,92,1572,12,309,2777,56,8,341,0,6,0,0,966,0,5186,618,1,317,32,0,14107,1833,2,4,0,254,242,27,0,0,1492,706,10,0,8,10208,2641,839,173,1364,106,6,0,2,0,150,11,0,1783,0,181,0,0,0
2865,3588,0,0,63,290,0,1087,135,28,11982,0,1130,0,8302,275,317,3456,5791,239,395,22,0,248,3962,1498,365,575,1406,1046,2858,13,178,239,5,13,5,71,45,0,957,3,0,8613,0,616,0,545,113,36,93,504,821,800,102,0,0,0,12186,0,402,140,622,2,0,8199,0,14,435,442,42,2,18,0,256,1483,3,75,211,0,349,78,3,41,0,120,475,26,9,86,0,1,0,12,443,0,660,271,0,474,0,0,4386,348,0,0,0,28,6,22,3,0,8,306,0,0,0,1712,775,237,78,118,6,5,0,1,0,29,1,0,103,0,58,0,0,0
535,86900,1295,2063,3186,5852,6255,6260,2286,184,5835,2741,10485,3168,1224,541,12346,15143,7902,1910,2195,57,760,19469,2833,15421,4495,8555,8179,3283,1301,113,225,7717,313,6458,121,1226,3205,122,2858,297,5040,644,245,8989,150,1031,4215,14018,191,5016,49636,12007,95,77,930,1672,78,1293,1133,2026,5432,451,2120,782,98,4039,1374,609,170,1680,916,1489,6588,2170,159,411,649,418,3880,1212,118,102,110,192,626,1174,2198,1871,307,214,48,474,1460,180,494,97,471,2473,98,192,796,76,558,531,548,130,141,796,73,269,352,143,193,4,257,487,181,120,29,101,3458,17,24,33,6,63,775,289,399,264,48,419,68,13
1363,18418,255,3267,7235,19726,4310,2318,5523,82,8989,2561,1806,23902,9293,4313,14086,9940,13874,1109,2232,48,4584,5862,4064,3984,5830,9302,54490,384,2375,1154,2804,2842,231,327,38,5207,1728,178,626,5812,16611,2273,2158,60769,2265,537,1863,401,2001,237,9691,17064,705,41,759,1765,887,1124,853,276,6214,771,1756,730,2241,178,821,921,31,1994,713,2090,1631,456,1308,218,271,273,9705,193,851,1712,1775,171,522,619,1866,557,2946,2357,72,2955,298,2918,1343,106,709,35652,1530,368,922,65,518,582,662,734,193,58,1899,401,85,46,169,29,183,93,298,340,18,11,55294,12,540,26,55,86,523,149,313,135,143,164,587,5
7015,145879,2043,9870,2458,715,842,20872,1740,402,21381,971,6093,1874,5637,2654,765,4670,10628,1283,26201,1090,277,3217,11774,2467,1216,2353,5059,3760,10516,403,4322,18222,143,618,76,91,2394,552,3687,1133,2826,39942,709,514,565,594,1917,1029,3613,898,339,485,718,929,4203,452,713,2410,555,124928,2011,3163,753,72,2144,404,21311,1122,545,3470,1384,356,2181,277141,372,2883,134914,438,55688,4226,280,984,396,141485,568,984,584,408,739,1744,757,95,224728,981,7021,599,1782,34718,877,511,64905,231,199,2314,177,7308,128933,184,263,256,1103,325,107600,167,3318,1921,5952,626,268,2174,179,36,191,203,98,355,314,162,1059,1337,34,1220,211,166
5750,73354,3861,12041,3616,389,646,16136,1704,73,40493,600,4638,4602,2132,434,4522,1374,7283,10491,5271,159,820,2624,26233,6276,1613,12166,2983,1665,16876,2678,180,5656,302,112,37,51,2005,424,15936,1232,917,3508,979,5486,2632,2025,1956,7014,349,1881,645,584,74,328,6011,55,180,1798,2485,573,1174,4737,870,2628,3572,910,612,4439,364,5537,2977,12807,16848,1540,287,583,1439,7060,3077,648,454,299,176,935,5272,178,519,3157,329,267,288,1967,702,566,4112,3214,1809,2459,223,1388,1239,1120,1781,657,360,411,487,2571,298,1633,1793,1014,242,195,1325,1092,1004,2973,142,187,187,1077,56,68,23,1325,4393,4634,570,2708,92,5737,174,164
6013,2071,3182,7510,2190,248,906,7720,1213,266,17726,667,3477,965,1182,487,2592,2777,18610,6134,16665,8605,371,4435,9102,3323,482,3808,2120,1197,8019,1708,563,7174,137,188,64,129,749,820,1566,3690,1294,2827,2382,1841,360,524,1827,2018,2284,1105,551,1570,245,11884,4209,335,37,2355,398,14914,1033,1095,691,379,275,770,4067,278,3536,221,251,313,3146,3873,759,464,13982,170,1537,789,314,450,159,120945,1515,342,304,1274,218,248,314,164,3154,80,1678,591,1400,651,409,176,435,361,351,1452,291,50581,16236,564,31,211,168,121,7011,69,53,70,976,537,98,325,323,66,87,17,106,756,254,107,143,95,85,35,68,217
39,1896,0,197,69,68,0,428,117,19,797,0,906,1,184,44,12,333,1354,97,920,510,2,15,565,45,192,59,1935,662,444,7,104,6,66,6,0,2,167,15,456,0,1,803,0,66,0,119,79,10,0,386,13,8,4,0,0,0,46,0,29,83,16,383,2,331,0,7,12,110,70,3,30,70,116,490,11,0,1275,0,945,67,2,13,0,411,88,1,4,10,0,0,34,0,696,0,58,79,1,353,7,0,290,44,0,0,0,11,14,136,0,1,16,7,3,0,0,11,130,9,3,38,34,0,0,10,0,28,0,0,24,0,1,0,0,0
23,5105,0,1299,6931,29,0,411,0,5,7020,0,538,5762,0,0,297,4352,1099,229,940,1,334,364,5006,358,112,366,2919,237,1313,107,0,1016,569,17,10,5,0,8,265,16,198,683,20,1498,231,569,181,9,0,383,249,395,0,17,7,0,0,0,438,40,392,3132,26,108,610,57,261,0,3,973,999,1444,89,400,2318,191,394,1717,618,14,932,502,21,185,761,75,1078,31,453,642,69,1311,494,647,216,53,982,256,293,12,183,837,17,104,0,36,88,9,615,22,1,170,6,19,6,18,165,121,212,0,377,107,14,2,5,100,207,705,22,2011,6,687,35,12
3433,128535,5589,3915,1516,7465,3719,6442,934,163,15014,3464,11457,2638,1142,693,72771,14926,41625,5178,4780,97,643,7400,6504,3138,1681,9146,18952,4026,3585,191,591,14492,57,7932,48,1277,1856,81,1267,906,10310,1628,143,7120,312,12431,5262,9228,231,3248,13950,36538,30,185,467,2890,57,6682,1437,2910,16275,1126,2722,2290,240,3996,2022,339,267,1757,2097,1178,3880,2410,395,4932,985,178,4167,1881,169,183,451,268,1522,1294,945,2506,403,311,89,451,1709,598,657,173,994,6491,604,230,3007,91,198,881,735,705,261,763,424,228,217,437,744,92,83,635,495,195,126,63,3382,25,43,65,30,865,321,403,97,381,69,378,107,69
6653,135090,2123,8959,11771,82,2865,23356,2700,243,475126,2190,7917,13888,6375,3749,1835,3056,42630,11637,9639,81,1950,2146,9960,3391,134,2936,3002,2899,149171,10012,1175,129288,4248,1146,60,36,1443,561,3105,13014,14317,19243,2556,677,2583,10835,2423,672,854,2932,433,1058,4429,17097,3909,854,1949,19016,1367,18970,1008,57637,6023,15924,6470,378,6098,4301,559,6979,1285,3110,12344,9511,4293,8645,9087,3122,1653,13458,2860,866,1109,6431,95075,360,795,2593,3182,5686,25484,3114,5073,1666,2145,2025,4958,1456,1999,3989,5729,21705,887,3257,9511,88,5982,9988,972,924,3289,1329,1719,14670,226,4053,2085,37916,205,1825,1047,3367,664,17,432,8456,1301,587,754,1349,6532,742,641,4250
1031,22970,494,2359,3862,830,997,4787,611,25,5970,325,1842,356,328,320,4692,5193,5037,2463,1955,109,311,5487,6195,1178,146,3667,2929,915,2659,192,404,862,29,138,27,147,337,81,699,192,911,918,408,2081,214,233,543,281,99,664,1540,2190,419,52,351,102,282,837,90,785,6667,185,320,430,159,68,448,255,48,1472,204,60,1389,374,295,1836,842,54,536,543,137,206,21,86,604,44,378,513,128,85,528,65,106,13,691,169,1024,1481,48,2247,325,28,190,1965,12,191,15,746,13,48,56,44,101,30,21,229,267,45,7,70,353,12,16,22,5,1554,25,1282,85,15,19,5,732,16
400,10355,501,342,271,684,513,382,40,25,1758,332,239,914,983,97,1408,4404,1527,217,989,6,60,1181,1043,169,487,7127,2961,234,215,1090,98,1176,15,18,1,268,136,21,105,57,549,264,24,2554,0,305,160,446,370,22,234,1579,6,21,33,101,7,375,175,600,646,1405,156,218,7,118,332,493,11,83,64,132,6525,147,12,57,79,15,711,153,24,24,4,25,98,59,101,53,308,45,6,67,26,121,353,11,54,415,14,19,173,33,5,7,28,43,61,30,40,541,16,47,32,0,5,87,11,6,9,1,541,13,1,0,254,4,23,0,1245,0,20,1,2,36
1517,44489,857,2677,1236,3679,5013,5199,1338,85,10140,2589,1736,2819,998,403,11681,17840,8701,13099,3450,8,538,10510,3130,5937,1442,4306,22750,544,1601,202,141,3704,43,3091,21,1233,1092,105,2102,800,6079,715,465,30257,451,3232,2748,3466,334,560,3868,4086,449,33,392,1718,28,3226,626,1466,20973,658,5605,525,790,2524,2776,758,201,852,571,2571,2813,1969,201,414,430,192,3041,750,159,162,168,298,517,815,591,1603,820,624,21,1047,1763,275,641,509,694,7644,83,418,896,141,271,380,282,412,515,573,687,150,112,354,214,29,86,198,218,322,18,25,4525,7,35,93,34,29,208,61,244,26,14,280,88,49
530,11464,1879,37477,5645,12173,14223,7501,1083,63,3175,3467,294,16819,4126,2314,4977,43861,11508,739,932,1518,2928,9276,2248,1640,2134,30466,3795,59,2408,205,1078,6770,86,493,16,6141,776,108,125,3157,4425,355,564,11165,559,727,1114,380,1554,97,1069,3229,578,43,585,1852,237,2816,6398,353,52204,279,2549,252,1410,206,1141,198,26,940,3330,1392,955,315,663,909,138,96,28377,468,241,1322,983,543,217,117,691,423,6185,2997,140,4652,375,1698,2990,54,508,37721,504,229,149,27,146,1395,2885,53,33,31,5065,85,60,13,492,6,34,6,89,67,1,13,5625,6,111,23,26,10,210,190,127,42,1,216,201,1
17280,55897,77,4612,7115,87,3,10634,1233,194,21799,0,44448,21,5199,2682,1835,409,7385,1698,1346,597,468,4879,5578,1410,76,623,237,10473,3983,965,619,1189,26,154,16,47,2036,454,3773,25,201,6927,7,277,6,1854,1229,3766,1620,23610,2535,862,104,388,292,0,1402,23,6774,1147,150,11585,12,5033,8,357,930,764,271,51,1215,41,814,1613,594,12,689,18,769,645,2011,2593,40,233,2275,397,79,1250,2,16,93,5,617,4,692,3794,17,692,644,19,4423,163,12,41,0,61,657,1131,0,23,865,428,7,39,91,1689,675,1516,331,6674,6,5,6,4,5,472,17,6,97,13,83,12,11,117
5320,100508,2870,3646,7059,179,172,16996,3220,474,285308,168,3548,4712,9467,4038,620,1788,54870,8577,6731,127,1308,1669,114686,2037,150,739,790,580,6264,4314,974,29933,1334,171,20,92,2436,426,738,8801,7166,2673,2286,243,2189,9623,745,261,2032,361,187,238,1219,4561,4261,90,3831,12845,950,10699,1152,35908,3307,13843,2520,92,6099,1121,468,3887,822,1417,11668,2781,1606,14858,701,864,729,1054,760,1701,655,29686,33641,162,169,1241,2428,863,7033,856,1060,294,1881,310,1862,651,720,1364,1156,21904,1129,981,8174,40760,10990,544,377,2182,711,1706,822,2252,183,3444,1057,16483,405,3010,220,395,7710,37,268,7380,470,1111,1350,661,5955,1115,1429,930
438,15732,37,3241,660,56,1,1379,16,11,15153,5,682,477,20,2,190,1778,1049,1243,1783,22,222,229,8649,318,381,297,679,183,4958,779,0,3801,54,28,32,40,120,68,84,112,307,595,270,239,496,584,304,68,1,264,115,229,0,125,193,3,0,470,871,107,143,3527,502,275,493,33,241,6,103,171,852,139,1331,454,597,382,323,201,577,60,170,375,631,533,1107,59,574,231,128,69,80,55,205,94,1041,61,640,204,876,242,188,614,1109,46,68,838,163,92,9,435,18,148,73,203,150,24,73,165,8,20,24,33,355,18,1,830,154,25,56,31,31,12,142,179
1950,1965,1,0,0,41,0,639,6332,10,2912,0,933,0,150,381,23,2227,3675,58,847,53,0,79,843,314,39,85,791,178,1913,64,157,428,20,1,2,91,4589,0,472,0,0,5005,0,136,0,40,172,21,305,2,20,93,43,0,0,0,913,0,25,330,148,0,0,1544,0,10,600,325,29,0,17,1,30,1467,0,5,540,0,229,84,0,0,0,280,150,13,9,57,0,0,0,0,464,0,367,61,0,333,0,3,1284,424,0,0,0,43,74,13,0,2,22,4,0,0,0,736,603,225,16,1,49,67,0,1,0,8,0,0,47,0,5,0,0,0
429,81162,4009,3882,2278,28,3674,8226,1561,57,86826,969,1320,15994,538,61,1152,1652,23417,6176,8820,4,4097,5048,91503,850,181,2365,3313,117,12550,1123,2,8749,1701,862,82,3,1047,129,419,11126,17109,10479,2221,197,1609,18018,1382,790,128,474,115,580,0,7149,4960,533,74,35361,1019,22821,1929,12783,8757,17143,1957,250,6826,108,332,6548,753,961,16039,5094,589,29226,1212,1396,1595,7127,481,1392,865,8982,21447,280,2499,1812,907,1656,6806,691,5095,1381,489,34,8831,1924,243,5682,3725,5030,648,4353,14351,7169,9197,244,270,672,2064,3758,54,7830,1622,3415,323,2491,165,761,1355,7598,316,1,748,3789,257,826,1460,2494,3395,1106,131,3282
1135,5714,23,1001,13,41,2,406,122,7,11985,0,1676,9664,23,10,34,244,1334,274,329,157,342,40,2420,36,18,56,57,29,3893,166,109,5561,997,12,3,2,100,0,841,12,24,2690,44,86,15,1028,17,8,1,65,32,20,21,503,3,0,3,1,4,386,28,1002,29,464,16,95,396,0,20,1610,1,3596,75,204,0,101,96,89,168,16,1,2,1,98,1889,5,781,141,1031,207,1245,2941,76,193,256,15,314,81,0,2,669,22,2,113,0,6,324,6,62,0,2,602,18,539,3,21,325,216,182,17,5,393,0,3,1,23,141,153,128,5,71,187,0,79
256,5961,5911,265,129,569,269,1468,34,32,7332,205,303,52,273,39,4628,226,6678,661,657,16,5,3029,894,296,32,4284,899,49,595,37,12,5390,6,1140,2,141,23,161,220,0,5863,288,6,66,32,862,221,509,31,6,47,197,1,5,131,173,10,2802,35,1015,843,1173,4003,611,17,440,751,14,286,132,39,10,248,629,45,1306,328,24,684,256,46,23,4,96,227,47,21,182,27,5,131,4,2249,3,58,8,141,418,0,115,3444,26,5,726,1228,8,358,99,16,8,98,27,120,1,5,133,15,99,56,181,50,5,3,2,28,35,12,1,218,136,3,4,5,5
270,5163,872,254,1217,122,799,2944,518,115,1193,275,1657,442,437,408,989,1516,540,420,125,125,390,514,606,707,347,525,1421,265,178,1331,108,397,18,26,266,24,248,52,556,125,130,213,62,389,180,978,322,299,71,90,248,100,6,109,164,92,47,83,113,854,62,360,118,32,88,114,67,241,11,69,160,55,313,50,37,1,68,293,545,35,24,17,60,72,31,10,458,38,20,6,7,73,24,0,50,73,2,91,2,27,169,20,1502,51,0,6,48,89,211,27,33,9,12,0,244,3,33,9,541,4,65,0,12,31,10,1,393,121,2,4,51,1,24,9
142,1141,0,168,549,1306,2,107,422,97,455,0,35,24,1229,820,1305,10282,494,65,156,0,88,823,47,284,296,794,6230,20,91,146,112,5,10,47,0,217,267,455,7,0,98,40,6,2082,0,51,572,32,720,10,1218,1224,6,0,0,0,74,0,1001,57,795,2,2,10,0,65,32,75,3,5,125,2,14,32,250,0,67,2,582,81,38,546,0,27,39,14,7,38,129,7,3,0,78,78,192,3,4,1395,648,0,10,2,0,0,0,1,1,79,53,4,14,3,0,54,0,1,3,10,0,2,697,0,0,0,0,1,1,2,12,0,86,3,1,0
992,14464,26,4259,28,43,19,3516,20034,651,7514,4,6888,125,133,241,2991,2634,3667,1107,616,64,0,766,1576,978,48,640,298,1743,4814,57,6142,651,59,88,56,89,1100,3,2552,88,110,4803,18,855,3,782,709,86,272,324,1281,857,2695,21,426,7,485,447,1840,1132,146,13,8,685,1,39,415,1730,48,137,1697,1355,1008,1349,7,86,137,115,388,716,11,3,4,169,1098,24,588,347,1,9,0,7,272,57,2212,229,40,207,1,12,1088,1613,94,64,3,10,59,137,1,37,845,168,0,7,46,662,893,512,38,11,30,60,5,1,0,21,1002,36,309,2,463,0,1,9
961,4769,0,902,155,18,0,1147,3,108,1796,0,1173,68,2413,1,75,380,1027,173,459,16,4,37,991,120,16,57,109,201,667,120,0,266,3,0,10,316,0,12003,470,455,5,1534,448,56,10,153,571,4,432,705,38,42,0,1502,358,0,0,0,6,28,13,318,0,69,0,16,115,59,33,5,5,5,33,169,5,449,234,14,59,26,5,13,0,76,662,7,17,21,8,434,52,7,385,1,403,80,10,178,0,391,97,548,0,8,0,44,29,35,6,0,11,48,26,542,1,67,127,222,12,5,36,0,0,0,0,11,61,0,18,0,0,0,0,54
8133,59041,3649,11886,4216,81,71,9740,2865,411,25621,30,30547,5259,7079,4394,892,947,10004,22304,2433,433,328,1974,7087,1612,70,3872,354,8867,4317,265,1962,3646,1549,29,10,6,3136,666,11845,7073,227,70388,6315,1791,3736,2734,1196,969,1192,7241,305,754,419,7809,5465,30,508,303,886,2471,318,3192,290,18565,4751,199,5962,1275,346,3077,593,5610,680,2905,402,231,892,1671,1253,806,500,2824,4410,273,2594,98,1293,726,373,1908,2645,4017,1603,2257,3239,8130,2170,910,2252,2848,26690,309,566,430,5,183,1531,1819,1351,737,1583,416,183,5474,67,5972,12528,693,720,1101,17,1363,457,27,7,182,938,1778,432,292,24,1825,513,10558
12,19226,0,4213,55,10,0,3236,0,57,35752,0,5096,22486,0,1,97,4022,4709,196,1719,14,60,191,22472,942,38,158,2654,11,18955,246,0,13315,6,4,9,0,12,607,1247,4684,162,13011,36768,648,7,5847,74,17,0,1125,340,566,0,6407,31071,0,0,31,253,6737,739,6786,3,19043,443,9,3012,0,251,2594,32,1646,472,1769,0,3390,252,98,223,715,0,0,142,1519,6924,244,613,204,2689,5549,1770,314,451,8526,344,0,2883,221,13,11817,2068,2304,6,795,0,270,3095,69,2586,53,7,163,156,1139,70,3202,1890,2769,240,0,432,28,13,1,208,408,594,2088,409,12,211,1331,6,1064
34,24774,1933,11734,261,268,4066,1723,0,32,19890,2892,512,957,69,0,2885,11133,13110,198,1263,1,141,2043,9152,602,996,3566,5079,46,5111,139,0,34024,2,3294,12,45,8,10,190,195,4480,918,57,3044,301,4557,494,736,0,45,364,1692,0,30,284,3194,0,17187,166,3542,1588,5669,16733,1756,759,243,2313,0,322,1431,300,206,1106,2208,29,4441,339,129,556,1487,9,40,68,181,4554,509,457,226,450,299,2487,65,393,194,341,32,1510,510,5,52,1890,382,22,856,3968,167,688,79,240,32,18,122,633,48,26,547,304,716,13,109,21245,29,99,2,1318,207,33,34,77,298,134,80,40,264
9958,22788,2334,47843,6745,72,17,6927,6108,75,21423,15,46784,8942,21695,9197,466,954,56042,2685,1363,671,683,1032,15213,963,58,989,358,7174,4964,271,6259,5512,556,422,29,14,2370,930,29413,6782,1504,10279,3166,731,2110,1848,792,210,6715,3441,246,323,1963,7198,3076,40,1111,191,794,6971,326,3427,181,93933,4775,48,24553,1109,738,470,743,825,706,24072,918,2239,2041,1333,915,2252,1938,2445,2143,752,7058,42,258,473,1682,5541,3300,763,11447,2385,9410,1103,5024,975,1267,987,381603,518,257,1664,95,306,3053,188,1571,417,678,289,191,2686,764,45449,68689,2936,495,5890,93,597,571,42,4,222,848,137,1715,519,104,159,625,2204
162,14101,0,2164,5623,9,0,2693,0,23,16542,0,4732,3551,0,0,221,2025,2755,2488,4255,0,155,78,10051,657,4,140,927,1,11717,377,0,6229,17,9,5,6,5,696,922,33499,296,4588,1787,458,8,2028,127,24,0,573,433,191,0,3095,23649,0,0,248,0,226,115,2256,74,190,0,94,795,0,39,1111,12,1342,580,809,0,614,85,5,16,198,0,0,5,3539,3350,90,854,226,2562,2236,1808,4705,23,1416,338,1,655,105,0,7441,602,1858,12,341,0,279,80,617,35,4,19,73,86,714,4,88,920,1753,18,0,142,3,9,1,971,79,585,27,322,268,118,39,13,764
634,25926,140,1212,3269,6278,4681,1386,2007,46,2505,2765,2102,8086,1503,1703,20567,75716,2242,4445,1895,47,799,8963,1320,3938,2539,26129,7729,320,1361,278,368,528,64,51,40,1770,1589,29,1341,1515,5669,463,1117,5967,756,1054,1822,978,549,385,5434,11677,578,25,901,2207,283,652,474,50,2775,151,956,249,1051,306,328,1028,19,1397,417,2269,1121,121,467,346,191,295,1961,295,293,257,348,68,180,691,981,545,1012,1561,21,1422,604,1352,518,305,731,6986,206,218,113,26,476,599,47,190,32,201,794,327,178,203,49,23,145,33,147,53,3,23,19997,6,58,38,2,13,395,204,315,73,92,344,221,43
2,13212,0,1738,171,1,0,983,0,55,16125,0,2026,6,0,0,177,2348,1313,295,548,0,637,139,5223,697,35,397,583,5,3466,94,0,6246,0,4,28,0,2,1,855,17,378,3746,0,293,516,2258,255,8,2,291,303,165,0,77,0,0,0,0,0,160,83,684,82,275,13380,8,365,0,51,8,3,0,1002,523,0,578,462,14948,334,93,0,0,2,185,6832,14,21,207,894,5440,327,6,357,125,215,0,178,239,0,1,771,622,88,483,0,51,21,143,452,1,17,105,35,326,17,95,153,322,345,0,380,0,0,10,0,322,7369,23,96,2903,240,22,0,341
3229,13186,2121,3338,3502,50,596,25184,1134,401,47719,1035,7555,5511,1817,2165,3472,1089,5451,2943,764,92,516,6787,33978,1173,180,1526,415,1205,29821,1592,206,43126,214,371,917,21,935,242,2830,3142,3683,1432,2346,726,2159,138433,4149,1809,348,1241,426,1045,58,3957,3955,474,801,5924,871,6283,485,12041,2762,21505,1504,3434,1717,2019,314,4924,320,1040,9181,1495,473,1435,5424,1215,1103,1696,1175,679,923,630,6179,827,1280,2314,985,2108,933,420,1048,823,1209,596,7241,308,650,2522,3311,3050,1200,4265,869,1127,2952,239,842,1443,980,25288,663,4793,547,2814,339,4048,13721,1269,139,104,120,164,54,1236,1082,5832,659,2708,2133,5499,365,231
1392,37834,825,2048,565,449,512,5699,1518,59,6045,631,2735,297,195,121,6562,1279,7175,1357,3914,79,96,2559,2902,1238,173,1429,1417,1543,766,301,94,1295,40,132,76,469,1199,254,1048,114,643,597,115,1552,170,3596,4659,3138,25,1811,1911,2844,33,323,959,702,23,1434,893,598,765,508,407,701,35,333,891,215,506,1811,1013,998,957,646,306,429,1116,497,1437,6586,124,131,79,191,944,2718,107,208,18,88,83,74,413,43,196,230,1708,631,106,57,421,45,36,2667,39,97,104,313,3,199,679,159,51,60,1050,127,99,62,375,34,129,1,23,61,9,24,92,16,217,46,8,11,101,35
638,51762,565,1301,209,676,1313,5578,103,36,3600,364,6181,220,517,52,28013,1181,7641,2550,2651,66,63,20310,1590,778,339,5316,961,2534,1550,160,37,7814,10,753,14,46,171,61,527,160,1000,386,90,1191,35,4437,2420,3025,378,666,4584,1305,8,21,262,192,41,937,225,2361,607,810,859,1766,37,6337,1002,93,118,106,198,117,2537,1505,82,283,164,30,2378,1265,30,62,36,122,580,289,1782,3595,32,41,57,33,471,20,218,149,38,1633,2,19,1040,47,29,57,139,38,145,324,5,253,259,100,69,21,69,103,68,178,195,740,105,49,223,7,341,99,105,22,116,28,0,20,105,28
1944,2742,0,1,1728,171,0,2635,1,11,3760,3,408,1,6315,17,53,1890,4815,83,224,4,0,126,1235,364,108,184,1101,474,1132,1,1,196,0,3,0,523,7,45,351,1,0,2925,0,459,0,128,27,39,60,55,54,231,0,0,0,0,10,0,273,356,183,4,0,582,0,3,371,485,11,11,78,0,28,4059,1,0,375,0,1295,414,14,1231,0,77,610,3,2,40,0,0,0,0,479,0,643,87,0,210,17,0,1564,257,26,0,0,51,59,10,0,0,805,6,5,0,10,1140,487,32,19,2397,7,0,0,1,0,7,1,0,140,0,141,0,0,0
5096,34458,1105,4181,1575,53,2,8538,47,185,17663,9,23025,1974,608,574,2127,325,3713,1590,1254,670,1017,3559,3982,942,32,444,296,11690,2490,948,249,3694,434,28,7,17,67,1136,3230,2390,106,4198,1499,256,725,2565,672,1050,183,3521,2500,2344,4,138,2170,4,162,219,926,809,86,1323,65,856,756,68,665,174,653,391,11747,892,1014,695,12389,161,652,1036,175,262,666,1109,721,155,4860,62,1195,459,383,174,201,1046,249,961,574,600,751,62,6412,741,651,138,374,290,9,173,272,621,536,662,88,365,31,837,241,358,329,1525,599,36,15,31,157,2,3,190,234,201,42,767,11,141,130,403
251,20469,78,461,1870,5712,1830,1923,1908,44,1130,1949,6484,2527,449,2139,44098,15329,1425,482,384,91,566,14962,391,2951,583,3149,4203,1958,562,233,148,525,25,163,15,978,2572,122,2345,591,1011,254,657,4901,229,366,1105,2512,119,3146,2857,5434,133,6,1263,699,84,114,196,674,1007,53,349,71,162,346,140,788,16,1375,338,1159,2175,213,71,16,77,464,1532,241,62,51,107,27,277,213,855,669,127,385,41,269,206,210,99,36,327,1081,48,176,115,5,336,147,18,7,36,251,142,321,166,13,27,0,174,126,121,37,12,25,1725,0,36,10,5,24,388,135,62,100,28,141,29,2
154,91709,92,906,1706,3405,2100,2112,795,47,1386,1128,4905,4084,1239,2199,13256,34513,1239,366,1769,23,522,27755,2123,1327,708,2210,6394,971,624,284,216,1428,374,83,20,658,1036,98,1087,1205,2358,556,326,7143,658,1856,1828,1372,154,1546,40145,10827,65,16,537,908,95,721,960,377,1590,160,777,349,145,214,243,202,22,1887,1052,1131,724,131,307,90,173,259,873,317,129,318,596,74,245,556,813,448,1290,243,32,293,75,303,143,60,1101,1463,154,713,430,24,308,350,76,54,83,161,726,375,78,79,44,14,243,125,60,58,15,81,4584,9,48,5,8,28,393,205,90,105,41,241,95,14
333,1689,0,2,0,16,0,471,4295,2,11503,0,400,1,506,768,25,459,1060,141,17,34,0,12,4635,47,4,15,205,32,3810,0,17,23,8,2,2,5,1990,1,173,3,1,2011,0,107,0,26,18,3,24,0,11,16,42,1,0,0,782,0,52,16,58,2,0,6949,0,0,991,22,8,1,1,1,4,735,0,1,19,0,73,15,0,0,0,9,383,2,1,1,1,0,0,0,4,0,398,17,0,77,0,0,677,93,0,0,0,0,17,1,0,0,14,4,0,0,0,3506,496,1070,9,0,2,5,0,0,0,0,0,0,2,0,153,0,0,0
25,17803,22,511,47,13,0,1410,5,1310,17166,0,8473,579,0,0,169,209,3642,632,4821,1,29,104,12691,127,53,360,159,535,6529,474,0,7745,210,5,28,0,11,912,2102,8369,178,8491,5113,21,402,1055,436,19,0,314,19,75,0,33884,6733,1,0,0,0,7277,25,5262,178,2490,145,24,10782,0,75,153,1,304,115,1211,0,330,579,72,604,220,0,0,0,5303,5186,644,84,132,110,149,14895,589,1189,106,50,24,109,365,0,1118,867,1356,0,67,1,5075,11852,136,79,138,67,235,120,22361,5,2551,2407,915,155,0,10,186,8,1,2,1038,87,57,3,44,405,46,0,6951
12,44369,31,1526,132,14,10,14265,1,245,31115,4,8989,3006,1,0,957,1873,4797,1148,2623,0,116,466,23034,935,10,356,971,26,12051,480,0,11635,14,4,9,2,479,853,1573,72656,633,7672,34465,491,1,6727,507,219,1,1953,1217,520,0,7053,6050,4,0,2619,572,4838,95,3706,110,245,48,123,1011,24,425,20515,525,11403,3535,4355,0,7759,290,4873,270,2477,1,0,11,3717,9518,422,4937,594,1313,653,7535,449,335,915,130,4,20878,64,1,20271,1787,1249,234,8692,14,340,4170,852,229,266,166,801,100,1518,478,209,667,1367,212,3,277,9,11,0,6438,232,4362,11048,437,15199,285,12693,57,2068
0,9916,614,212,0,0,7403,168,0,47,788,10093,133,0,0,0,1331,2807,552,56,475,0,0,3403,940,75,109,1268,674,0,1083,7,0,3003,0,215,2,0,5,0,15,0,4351,73,0,1192,0,621,1448,96,0,7,737,4098,0,2,3,4179,0,2896,36,63,420,10,2870,32,0,30,262,1,20,3,37,14,243,57,0,429,29,2,1264,10,0,0,0,38,211,276,13,51,0,0,3,0,24,0,199,0,12,297,0,0,117,12,2,4,71,17,180,4,0,2,2,10,267,9,1,11,0,69,0,0,1008,0,0,0,0,17,11,11,1,0,1,0,0,0
714,1050,3,5,6,101,2,198,154,0,10989,0,199,0,802,15849,17,264,1678,67,58,16,1,12,2236,97,7,7,92,47,1226,10,159,220,0,2,0,71,132,0,192,0,0,838,0,27,0,291,23,4,30,53,35,16,927,0,0,0,41,0,4,37,19,3,0,5295,0,1,107,103,17,0,7,0,27,336,0,0,28,0,167,0,0,0,0,48,128,24,2,4,0,0,0,0,60,0,194,41,0,66,0,0,195,70,0,0,0,21,5,3,0,1,2,278,2,0,0,580,91,188,3,4,16,0,0,10,0,4,0,0,6,0,2,0,0,0
0,27802,7369,2364,0,0,3574,3609,0,5,15276,1524,58,0,0,0,652,802,4818,1421,1489,0,0,1431,27744,2398,172,2348,2609,3,13722,602,0,93411,4,348,18,0,50,0,84,0,15713,480,4,439,0,2297,337,145,0,109,47,299,0,1,104,1131,0,956,444,3391,1034,654,7485,936,0,125,932,1,187,62,473,27,3146,1167,0,52492,437,145,592,1733,0,0,0,404,960,205,186,238,0,0,67,0,1049,0,253,3,791,436,0,259,531,751,58,42,4020,523,268,157,0,15,7,32,649,51,343,824,1,405,0,0,322,0,0,2,134,1134,16,10,700,9,116,8,0,76
774,10458,51,1439,3379,1768,6,3175,29,4,12824,24,1215,892,1863,260,441,873,1435,2804,256,69,1392,961,4664,492,231,922,1884,3220,4162,307,33,11231,8,18,3,704,2233,14,723,1162,744,515,3,267,2,1410,726,104,215,535,140,203,0,1,1039,13,4,5978,1136,353,3579,5240,72,669,791,56,281,462,22,608,24188,3015,758,336,2495,5271,132,181,168,743,5409,7363,373,77,3956,58,110,460,2,58,212,0,183,188,148,902,284,3406,734,77,163,157,2817,377,30,29,190,226,15,2980,3755,97,26,3,1464,80,61,643,13,895,25,1,0,5,5,103,2058,518,157,74,32,2,2,40
1028,132735,975,1028,412,253,151,2533,231,702,10474,26,4385,176,1803,787,676,96,12363,94,7018,52,71,1338,2549,180,45,212,173,213,2250,143,733,12848,18,433,15,8,289,15,513,796,1564,11709,147,45,28,7477,365,138,145,63,13,67,18,8142,2006,216,207,2228,155,1757,1902,2231,1470,7165,237,499,10371,74,32,455,218,36,2300,1761,127,1588,855,62,381,41886,5,87,753,110871,663,219,109,455,141,134,591,34,1958,88,182,27,502,264,166,441,12728,250,46,549,766,7260,13300,23,45,40,645,114,580,698,480,4204,613,985,242,446,6,6,2,2,51,2253,28,256,2263,2808,23,252,15,1289
359,8358,221,1541,830,3905,478,2229,471,11,11222,605,363,1225,721,397,6523,6032,5006,508,976,3049,428,6021,3024,2692,651,6645,27207,199,1044,71,463,1526,6,1075,12,504,394,2,206,483,1942,1357,35,2136,15,691,652,381,223,157,836,1321,263,8,59,265,23,2214,2077,485,1484,155,2266,596,92,117,534,43,52,78,89,193,553,1193,49,91,215,4,2542,480,30,66,204,146,68,51,104,144,311,238,13,43,379,99,363,43,66,8737,59,23,803,7,38,26,66,84,11,44,193,11,28,151,329,0,12,381,531,158,13,5,981,1,6,2,5,1516,38,35,17,11,3,17,23,12
4636,43583,101,3319,17253,25,5,6753,3,494,86459,7,1765,1965,19,0,144,255,7416,4651,1864,62,1570,233,53618,1594,566,745,99,3050,47949,1848,0,24354,861,157,10,10,17,63,868,1865,5360,1507,1080,168,623,2772,596,50,3,849,19,73,0,3006,1175,8,18,257,2750,1854,128,28191,1346,2199,1220,17,2543,16,170,1888,1921,984,7152,2275,1322,1451,643,557,266,655,2609,875,2021,787,23321,141,500,819,2253,1040,19657,107,1808,163,240,431,1593,213,1098,424,752,14661,3519,882,302,629,875,94,62,5277,2304,828,193,1164,291,873,168,4770,98,11440,7,164,1711,4,57,5467,164,490,150,270,1330,397,1615,4143
0,35193,1184,152,579,17,4607,836,0,129,25620,1872,133,182,0,0,2052,2477,3623,683,1377,0,288,1903,6893,367,113,1770,2762,8,3623,177,0,29115,7,2033,16,3,44,0,31,0,21273,217,0,1254,262,4536,436,1435,0,69,192,944,0,429,237,4083,0,15460,386,997,2312,875,973,337,606,179,1601,0,98,287,203,123,1466,482,0,6983,78,46,260,481,0,0,1,409,1867,482,82,502,85,209,295,49,338,176,12,0,207,133,0,137,765,145,7,297,7127,156,172,24,93,5,28,148,545,403,10,251,0,564,1,0,1832,5,0,1,1783,1217,61,129,50,180,351,120,0,125
1033,8080,186,4233,393,57,171,5996,780,3,13446,836,13835,2324,5780,2300,155,351,87,76,203,175,25,401,3279,366,26,187,201,803,5218,293,489,9112,57,256,4,12,756,52,1573,998,669,28591,147,49,299,12854,1613,57,259,375,62,150,425,194,91,125,1628,161,158,6201,474,477,223,4020,278,107,46592,87,186,70,162,228,3329,2675,80,21,373,17,629,1930,46,800,649,64,942,74,21,460,265,286,28,37,2560,291,306,85,16,355,126,30,95282,70,10,60,348,210,661,300,17,15,35,810,28,108,28,105697,8962,1710,828,2298,9,7,23,1,70,59,9,17,1449,9,46,6,1,197
3,9024,0,5746,1002,1,0,873,0,9,25446,0,1636,183,0,0,108,1071,1754,296,635,0,2199,242,5774,233,274,58,1012,3,3353,72,0,13991,37,0,2,1,0,0,774,17,332,11008,0,236,24582,1766,173,6,0,258,52,405,0,478,2,0,0,0,9,431,250,779,870,736,551,8,1085,0,75,32,1,23,98,517,0,972,127,16267,101,721,0,2,3,40,2776,4,896,45,2331,29905,1077,11,212,6692,346,2,427,929,0,1,1676,134,10,1685,0,92,105,46,6942,0,0,54,125,475,1,203,948,476,87,0,573,12,1,1,0,46,657,199,50,4003,341,158,0,325
927,20307,145,399,194,149,138,768,29,20,2748,41,956,58,47,9,1991,129,3882,948,548,28,6,1250,444,113,377,1051,314,75,275,120,30,1262,3,479,25,9,27,154,68,13,446,292,12,65,5,1347,586,1412,1,31,138,175,5,4,9,153,10,1301,37,4034,334,233,305,112,0,1560,112,16,36,65,5063,8,716,149,6,139,91,6,161,97,10,17,10,54,175,74,40,534,26,23,47,3,48,2,95,15,35,79,25,6,158,44,18,15,10,16,78,64,0,7,35,23,14,2,12,25,16,49,86,3,16,1,11,12,0,402,11,22,21,3,2,19,10,0
1086,29818,143,4815,894,109,290,4831,427,40,16669,76,10480,870,1952,1191,709,952,27562,731,8219,43,123,766,12630,578,133,2404,242,1245,18625,201,415,10303,120,1020,88,23,300,102,1692,1203,3211,30783,485,152,371,3505,2379,979,297,357,108,944,458,3301,808,184,627,1397,543,5539,1284,1623,1813,30276,457,170,1034,228,543,533,448,256,1152,12848,509,2233,422,98,198,2984,486,557,197,7022,7116,160,22,376,220,712,6442,182,4130,235,2053,764,158,696,50,128,69845,878,133,466,546,6840,6837,149,255,281,458,247,140,188,837,12228,4576,12589,3667,569,217,29,114,1,83,489,483,23,329,35,166,14,199,695
1070,6281,11,10,374,68,13,1702,47,2789,7293,8,2194,25,8945,143,355,2127,1306,1006,430,12,0,229,2368,455,216,517,253,2352,2010,1,147,187,3,8,4,14,1126,72,1684,0,2,1621,0,387,0,1362,178,48,870,1392,246,313,0,0,36,0,9,27,1207,262,59,16,1,515,1,28,218,295,18,10,331,203,872,781,0,3,96,72,212,67,5,10,0,43,408,2,11,205,0,0,0,0,74,0,277,227,1,93,0,0,557,1261,25,10,0,114,15,33,0,26,784,735,5,0,2,319,337,156,17,21,12,0,0,0,0,9,216,34,284,0,14,0,0,16
218,6484,2063,999,159,9,165,678,23,7,4544,43,1622,515,79,16,177,157,919,109,566,96,14,267,1210,57,738,341,37,353,806,51,22,1640,15,30,3,1,32,25,336,688,285,930,64,10,72,401,552,67,21,130,10,41,1,132,490,19,2,1668,24,295,29,235,316,366,40,24,618,6,608,32,30,5,134,831,106,52,68,25,54,188,27,5,51,164,133,37,1,42,14,12,210,53,94,1308,69,32,948,26,16,781,242,81,178,10,15,43,183,14,3,8,20,64,13,39,31,66,192,143,13,37,4,13,4,0,21,41,4,6,9,2,5,6,6,43
259,20780,109,423,499,178,30,8567,3,105,10414,2,1497,26589,4,0,660,1417,7686,352,245,0,1596,608,6539,567,45,379,726,108,2173,95,3,3846,1963,195,5,0,92,3,349,907,173,2112,27,625,12,7379,539,170,2,434,573,652,0,1008,2912,1,2,3,600,3456,269,1434,38,118,43,123,1005,3,16,2622,256,7357,6884,15248,15,842,1339,218,299,1220,15,528,75,24,2360,5,17981,237,842,388,6329,2562,4111,369,265,1,71233,69,40,8225,3236,537,54,35846,0,91,595,54,157,1270,54,208,83,1113,8227,73,63,395,909,1,373,4018,2,7,21,74,442,46177,844,43882,227,44658,0,237
360,12091,923,408,1209,65,135,2794,13,15,7129,89,988,40,37,15,395,1299,1070,1869,319,16,503,660,6006,516,59,264,1629,582,4691,422,4,4729,2,40,3,570,1246,22,456,95,91,412,13,238,80,787,312,60,1,7474,220,237,2,0,2154,40,38,1449,14428,450,71,4581,76,290,81,397,469,368,22,1062,890,3457,964,391,12972,2684,175,270,333,209,4271,739,31,93,3345,23,43,305,34,3,181,4,94,34,95,91,975,119,4979,94,168,188,2613,399,1345,69,138,69,2,3015,1180,95,18,2,585,48,59,470,10,6,36,1,8,0,0,75,787,834,93,78,48,0,0,48
446,8778,766,756,72,369,9,1691,7,13,16056,8,1636,35454,3,0,981,3254,794,1279,457,10,1124,838,6715,418,199,883,1267,15,1922,79,1,8422,6718,9,5,0,376,7,986,862,188,3497,102,1050,14,959,122,32,0,387,889,999,6,875,2180,4,0,52,4887,285,272,3385,128,192,24,61,2743,188,32,13885,4504,1039,2519,220,3,2534,121,2517,169,143,1,0,5,227,7027,141,11803,2003,1497,1087,1218,9937,20,1545,88,4,2442,148,0,1222,317,228,526,1160,1,224,133,294,208,549,2837,32,108,480,3004,99,359,840,655,1,438,3116,10,0,0,46,8920,5032,115,725,54,2623,11,1085
268,26448,243,780,1387,83,243,3569,207,307,6117,164,1532,594,180,130,4809,643,2155,2629,1939,166,441,1653,3807,1948,276,1341,265,556,4803,594,21,7445,18,151,24,12,319,86,230,262,1153,441,237,392,63,11818,745,1462,19,295,2145,505,4,335,894,119,82,667,297,2124,475,1258,489,778,89,594,906,69,90,3462,488,607,20879,342,954,940,297,179,359,672,861,29,10,135,1256,64,2195,4455,18,169,242,26,138,161,131,86,2352,625,15,1399,762,1032,115,1687,196,24,680,205,62,110,318,329,109,21,2705,532,22,449,238,79,73,0,15,138,115,745,267,459,921,998,47,456,17,18
3115,12091,326,1759,785,41,247,9775,673,6,6004,109,1924,276,1725,855,390,187,34793,306,6292,26,116,376,2329,307,52,608,114,545,7621,120,2407,2508,26,285,25,10,1146,118,1566,408,663,14330,44,104,329,250,709,188,887,320,187,83,100,147,393,34,160,387,168,4905,433,2459,142,388,570,67,4695,548,160,5454,737,207,682,2127,70,171,106534,87,7433,2622,38,585,114,2963,311,32,438,150,210,217,517,22,41135,452,1584,248,2602,752,328,225,20654,113,134,3295,25,830,6743,60,194,132,747,128,96218,26,1435,20,1476,105,88,1333,20,16,123,45,9,18,138,383,796,3329,13,1519,167,0
295,7860,0,1461,4452,283,0,721,0,5,8360,0,1318,7,3,36,70,4981,1756,146,336,2,1988,554,2851,1295,823,71,4108,808,2564,271,0,2898,0,4,3,43,0,3,273,1,28,1455,4,711,1,416,79,17,0,3564,40,129,0,0,0,0,0,0,1440,630,125,2429,0,1057,0,5,266,3,33,721,5990,18,1967,957,261,51,62,1,217,76,19862,5016,2,56,3613,22,2,51,0,3,1563,13,494,162,40,35,21,127,9744,0,134,2394,74,213,0,45,179,58,0,48,1,10,6,1,1,127,89,852,45,2,28,0,2,0,0,34,9,0,40,0,28,0,51,26
2,12392,1340,133,0,0,63,2432,0,10,20473,32,84,1673,7,0,350,308,4430,538,387,0,489,554,13299,147,15,162,110,4,13534,2545,0,46489,71,159,3,0,4,90,62,2825,4289,2408,2432,19,1207,1822,129,25,0,17,15,88,0,1569,3230,361,2,8607,246,2171,31,2891,2175,514,1832,39,596,7,111,2045,236,1047,4427,877,0,1360,18,979,242,338,0,1,1,100,4118,32,633,202,1150,1670,780,186,1015,125,39,0,414,505,1,297,663,4946,4,504,14297,340,614,34,1095,5,80,77,753,174,343,16,4,688,2,0,59,406,0,0,642,1339,289,80,473,190,157,162,0,29
518,2872,302,1019,319,69,66,91,280,9,1692,56,571,409,338,242,116,192,13880,309,13625,12,46,314,1281,489,10,282,322,243,503,29,1438,654,19,59,21,16,73,86,462,158,138,1160,34,175,52,866,111,35,106,292,38,198,32,6,161,34,32,204,69,204,221,167,40,152,427,76,205,63,23,45,38,556,201,10249,50,30,11494,13,1411,212,27,99,72,4534,925,46,25,102,275,187,9,21,4899,144,194,81,24,247,84,267,154,187,19,15,9,556,44,373,27,14,20,5,96540,4,11,3,141,36,4,260,28,13,29,6,7,19,92,2,27,25,4,6,6,42
3,17146,15,1017,936,0,13,1315,0,1,17261,2,2677,79,0,0,253,567,706,786,443,0,321,175,3505,165,314,153,515,11,2839,119,0,8193,19,9,15,1,144,2,1291,44,76,2215,2,174,17401,1232,163,22,0,493,190,410,0,44,141,0,0,110,66,665,32,513,92,58,24390,44,113,15,22,380,219,3506,399,184,0,672,88,1539,51,133,0,0,0,58,9715,19,60,239,143,1729,449,17,77,481,46,0,525,27,0,435,168,92,137,2198,879,97,389,98,317,10,37,86,43,340,16,73,192,301,54,0,28,2,1,2,0,408,12438,546,27,5544,106,3283,3,213
154,2245,336,4916,214,194,1257,4595,203,48,493,289,85,516,329,56,759,6350,46119,1170,953,6,12,651,628,409,1784,842,8528,106,112,47,169,1066,21,70,0,285,53,36,377,354,76,244,10,153,3,80,248,183,376,22,202,153,207,3,16,69,35,112,18,491,2923,7,23,275,3,5,240,60,6,196,12,52,596,3071,5,653,1878,2,13882,413,4,22,24,130,18,6,70,18,693,64,36,135,2467,44,1147,55,79,15950,60,80,155,10,99,4,3,115,344,37,126,1,493,44,1489,0,15,3,27,15,1,0,473,0,3,1,3,0,2,18,179,1,2,63,0,5
542,9959,592,286,381,158,94,2721,396,10,6465,9,774,78,993,486,921,380,6170,139,1850,91,3,642,2493,227,83,363,785,114,389,141,645,5097,18,1174,3,59,92,178,287,340,1530,2827,24,167,242,1127,1292,570,24,24,117,179,5,13,143,11,3,616,814,20637,258,1548,735,4844,294,55,1109,0,42,1309,419,913,1429,1209,286,848,1177,18,814,1476,14,157,109,53,448,13,384,328,193,152,1027,21,746,79,55,12,2582,691,81,33,3961,275,1028,3547,503,36,860,46,45,1021,1176,48,26,197,2399,2551,124,115,22,216,70,0,2,2,37,139,45,103,2503,326,3,262,44,10
575,3612,0,1776,1987,322,0,584,1,2,4999,0,764,21,2,0,45,1357,1505,129,266,6,932,88,1787,1205,114,55,209,757,1175,206,0,620,0,16,3,11,7,115,655,0,30,1339,0,697,1,242,99,15,3,188,39,89,0,0,0,0,0,0,2901,143,29,1723,0,190,0,5,298,4,25,0,1679,33,1581,502,19650,0,109,4,67,76,621,5403,2,29,3115,5,3,73,6,1,1644,0,418,3,75,589,0,50,1491,0,73,1110,96,1,0,13,70,15,0,45,18,35,3,0,0,20,117,335,34,8,11,0,68,1,0,16,7,0,72,0,41,0,154,53
1610,2111,0,6145,1470,313,0,386,0,4,6833,0,1925,10,84,44,9,814,1080,41,379,6,1562,62,1707,1209,90,77,812,956,1318,180,0,1011,0,0,0,189,0,31,542,1,20,6159,0,199,0,60,52,1,77,388,11,88,0,0,6,0,11,0,2249,367,317,765,0,992,1,0,654,12,32,377,1194,4,66,1033,6007,4,137,1,41,188,7615,88,55,37,2896,3,5,24,0,34,235,1,81,72,323,577,160,70,22093,0,417,14,5,370,0,7,91,14,0,4,2,209,8,4,7,277,365,277,39,185,93,0,0,0,0,37,10,0,108,0,38,0,0,169
26,3346,0,2347,725,2,0,846,7,2,5417,0,700,980,24,0,25,1587,2922,25,164,0,38,86,2801,799,24,61,1988,61,2526,535,0,2823,0,0,6,0,0,0,387,3400,57,3340,90,130,0,304,359,1,0,121,48,101,0,0,255,0,0,0,134,906,173,1451,0,986,27,35,279,0,25,146,8,246,115,1002,5,2,78,18,87,206,1,18,205,5,1212,8,35,22,10,1104,65,3,61,1163,332,11,98,81,784,25,463,798,5654,385,0,8,162,0,7,3379,0,0,2,51,1910,626,319,110,41,0,139,1,5604,0,0,1289,241,2,23,61,40,1,5770,32
509,2572,84,426,250,7,23,2013,178,469,1356,135,926,958,153,105,62,262,11272,785,21986,45,31,415,22665,468,25,1590,384,50,8902,401,372,5255,14,33,10,16,47,62,141,3137,388,1042,1499,261,66,219,237,88,5,62,8,36,4,9772,3660,634,0,461,11,13800,681,764,105,257,70,23,2572,33,81,7,33,18,487,928,542,117,1535,30,199,243,79,23,20,2514,1123,14,16,103,39,73,55,264,951,17,62,72,18,61,5,65,116,230,37,16,43,13902,16917,23,45,11,13,6,2489,102,3,61,862,10988,4,11,18,3,53,3,7,112,20,7,30,20,47,13,53,64
5680,35111,130,82,7084,109,75,5582,536,7,80472,28,2010,7620,455,289,91,161,4930,1728,1297,50,874,646,33669,408,59,471,204,934,51518,1836,121,22812,1451,103,20,142,423,121,1161,11095,2915,3856,4358,53,2471,2278,433,131,54,1526,126,638,635,6013,9237,54,538,971,1195,1673,115,28342,1622,1358,4605,135,2175,997,86,3968,1527,2555,1349,508,4811,4151,133,1412,37,2451,3810,3418,5022,345,10209,51,195,428,1019,2106,8322,1343,138,1045,216,317,1746,28,1160,2230,323,5624,3761,1085,969,278,843,6767,893,2989,274,379,155,891,536,818,425,7204,38,3346,50,417,3293,1,36,3609,818,1371,194,643,191,1333,1332,2966
74,19251,117,297,206,69,188,1167,74,113,6966,118,1384,150,327,22,789,926,1533,266,867,1,13,2345,3553,159,67,815,350,285,1259,94,18,2252,45,207,48,3,21,4,83,319,792,386,55,295,25,3458,1678,362,23,106,297,628,13,908,83,472,4,1067,31,374,171,1337,787,611,27,180,248,6,136,31,40,7,158,159,30,128,84,13,78,22,12,7,112,84,646,1117,33,129,18,11,38,27,134,4,56,34,6,74,7,135,318,28,5,99,105,49,320,39,10,29,1,79,67,330,2,216,213,127,37,13,138,4,17,0,22,27,22,3,70,0,13,0,12,26
405,11815,45,261,28,139,35,5064,45,10,10904,97,248,14175,12,2,533,2665,910,190,343,6,704,267,6641,126,140,196,283,63,400,67,4,5198,1349,1,12,1,99,84,122,52,135,112,58,413,14,384,200,85,0,132,396,354,0,37,156,3,0,15,255,642,79,598,16,88,53,41,34,6,4,8891,68,9485,840,243,0,89,25,156,136,2324,9,2,13,24,81,9,986,128,1264,2018,8261,3820,23,1258,748,7,8979,41,0,386,40,507,59,9034,4,26,172,26,247,26,457,46,69,41,37,24,19,61,149,2,403,361,2,21,0,235,406,2592,180,1984,12,3925,2,11
453,24819,299,2800,489,53,179,2242,308,77,5708,363,2412,144,262,129,1832,793,1804,1563,1784,6,455,2547,2840,640,154,692,625,753,4087,159,98,3696,79,129,11,86,380,369,444,270,593,1067,140,618,235,4138,240,1365,58,1050,663,420,14,23,567,40,52,1320,455,2056,168,1694,509,619,47,282,1102,138,21,2021,1250,380,5784,839,198,1952,379,358,289,1461,47,134,103,107,3072,104,247,1216,34,72,264,71,82,72,638,113,341,184,32,67,1593,182,157,772,338,15,321,348,15,132,736,188,90,64,199,527,156,265,65,146,88,15,43,11,47,2217,142,109,163,104,57,107,29,104
2,2154,0,4389,978,96,0,245,0,19,4032,0,502,3697,0,0,114,2777,1073,29,188,0,236,105,1352,363,113,1176,2072,2,1174,142,0,1913,55,0,1,149,5,17,282,1601,301,1778,22,498,921,763,34,11,0,98,150,431,0,82,25,0,0,0,10,199,573,976,42,106,5669,0,113,0,5,104,0,458,182,1011,0,60,27,202,440,422,0,0,10,98,1003,2,289,18,992,11107,343,132,396,39,134,0,1108,660,0,81,2738,836,0,1137,0,58,8,418,15044,590,1,17,410,129,0,1188,339,324,20,0,576,191,594,0,1,557,166,386,36,135,36,297,4,48
2,5529,0,3710,183,163,5,655,0,20,9713,7,1975,5374,2,1,472,1216,1404,44,149,0,473,205,4029,93,100,208,860,17,1814,67,0,5194,59,1,0,3,1,109,266,1545,301,5026,63,702,2560,1252,103,9,2,254,258,274,0,533,642,0,0,0,133,516,230,610,831,389,15820,5,148,0,6,423,2,346,792,211,0,1257,14,3394,112,406,0,22,195,326,2645,18,1365,18,5029,996,298,283,62,10909,76,3,1070,816,17,20,706,296,3,3768,0,52,37,425,7313,3,0,45,202,316,4,96,603,674,12,0,805,70,3,0,3,277,3036,544,84,1752,40,137,4,121
98,11047,310,2804,6165,4,1,9738,1,20,15618,0,1977,4057,1,0,25,165,1163,426,182,84,49,49,9254,211,2,28,169,100,8252,91,0,5807,380,47,5,20,3,28,698,801,5000,3869,2729,136,395,330,51,32,0,356,10,9,0,8546,1259,0,0,303,266,113,53,15045,179,588,675,0,456,0,47,8897,75,522,2008,1507,585,2268,15,360,164,2388,726,542,43,77,9326,3,3669,82,465,396,3868,589,171,160,30,217,7572,199,213,178,58,5031,613,5679,2,40,9,5,287,4800,293,100,16,2670,22,41,135,1254,9,64,11,3551,4188,0,155,355,103,1890,98,4114,168,2753,5975,3546
16,3952,0,1409,61,140,0,976,0,7,7228,0,710,9068,0,0,269,1832,324,2352,297,0,755,433,1842,67,259,381,1066,7,3007,12,0,9813,10044,4,4,2,0,0,907,69,160,1180,175,552,141,290,31,36,0,83,489,261,0,127,69,0,0,0,0,179,413,1338,14,190,43,0,340,0,17,2138,3,4517,40,139,0,97,236,29,118,83,0,0,2,416,852,7,3715,118,1089,804,852,326,51,1083,69,9,603,46,0,8,156,59,1,304,0,214,43,24,238,4,26,49,95,366,10,43,367,756,102,0,350,1704,1,0,1,24,418,325,11,36,14,332,0,846
477,107222,74,1744,175,17,120,1688,50,265,911,86,868,938,477,129,362,149,27009,155,4932,11,3,438,1552,162,4,117,241,122,310,7,602,2022,22,39,5,5,59,53,696,171,183,3725,18,29,70,236,260,49,183,17,12,5,2,18,1942,9,60,337,43,105666,143,30,68,945,1276,21,1609,41,51,65,167,66,103,20689,41,304,14812,27,15438,1296,39,218,79,108598,51,873,11,9,391,1292,24,18,5317,232,146,137,17,708,10,52,51,19,5,28,18,280,105413,7,151,8,21,80,2583,5,15,169,2109,67,78,35,8,2,15,1,0,468,35,102,89,11,1,174,3,74
0,1990,0,1062,360,62,0,439,0,9,5449,0,797,4186,0,0,553,1434,1420,927,69,0,372,75,1955,39,166,93,681,0,1162,189,0,2358,38,1,0,10,0,8,206,435,205,6210,178,303,815,299,100,3,0,184,153,253,0,422,32,0,0,0,582,320,90,573,418,717,10547,2,79,0,8,190,34,252,38,916,3,1701,12,2815,51,379,0,29,59,22,3552,1,1218,23,511,13524,1577,204,52,708,46,0,1638,96,12,29,1459,223,0,292,0,23,6,1,20039,3,0,8,80,152,2,45,695,94,4,0,1099,258,26,2,0,15,255,738,36,118,1,773,5,40
2226,5436,449,31838,1437,240,248,4958,679,2,2812,74,2244,2352,5287,443,157,1785,7708,2003,906,196,192,400,2862,1343,296,379,4589,564,917,637,375,427,114,146,39,45,231,220,1396,1669,438,14279,1619,225,552,27,129,154,2878,127,49,122,81,17,89,12,135,188,67,362,1127,77,88,1919,2267,108,2160,197,45,73,28,78,388,1972,65,18,464,24,5250,91,73,225,100,85,20,27,171,111,124,2113,273,1397,264,1521,2532,99,31,6052,39,29,4858,5,81,24,20,20,82,99,1465,22,46,28,6,0,3,2711,4817,2,104,1761,199,76,85,0,147,3,13,5,136,11,21,1,70,5
2730,6066,35,2140,1751,39,2,3156,515,9,5427,5,1440,45,1584,864,164,108,2663,4521,913,45,85,409,3162,424,9,717,54,6131,1434,257,224,61,0,254,7,3,351,46,4912,9,49,2348,6,188,0,341,537,359,1088,967,77,165,49,31,10,0,336,2,1218,190,89,2045,0,1387,21,56,1020,257,173,1,181,12,169,246,113,238,371,9,171,175,1013,829,5,61,606,19,9,441,22,33,172,29,74,0,223,1277,2,208,67,7,444,24,42,2,0,29,63,392,4,20,255,50,2,10,7,51,174,61,48,414,0,14,0,1,0,54,7,0,28,0,18,0,5,17
211,12924,56,449,57,67,24,9917,16,98,7966,16,906,669,1,0,68,576,6610,236,135,0,1239,366,4074,28,81,56,130,24,1896,140,0,5921,99,1,2,0,396,4,1082,672,58,163,30,111,21,6766,139,19,0,634,63,120,0,414,2487,4,0,224,1303,751,48,1331,15,32,18,31,165,0,17,50002,1211,200,3919,17009,2,426,47,2659,242,46,0,0,14,12,534,2,2823,172,1186,224,3189,32,4032,4835,10,0,2148,59,0,5943,2673,60,45,35236,535,12,380,32,157,1212,558,80,15,242,6957,35,93,390,207,0,286,104,1,1,41,520,2936,34848,401,55517,6,51291,0,62
957,6910,1161,7743,317,1288,759,4282,310,24,978,398,475,310,159,85,1910,6580,14721,501,495,5,118,3221,801,783,1457,1888,14543,208,783,116,146,3327,12,94,10,699,58,38,389,60,303,795,15,1646,26,204,808,222,58,31,727,659,294,0,48,44,26,371,1365,638,3452,15,44,524,318,35,241,72,13,78,112,31,131,1139,41,2424,268,35,67116,344,39,4,14,76,14,23,177,295,60,153,68,6,917,149,2951,27,23,5038,13,23,1512,7,6,6,11,9,122,11,185,11,67,2,1685,1,5,152,103,6,3,0,1054,0,3,17,3,6,36,27,627,13,27,28,1,1
611,3153,0,2886,1368,121,0,496,0,0,5259,0,1630,11,3,9,35,727,692,41,461,8,790,69,2016,1130,82,66,745,107,965,384,0,2090,0,0,0,137,0,69,248,4,6,5365,0,224,0,82,29,0,0,1699,37,59,0,0,0,0,6,0,373,169,32,695,0,895,3,0,614,0,48,161,1662,0,50,182,11498,4,58,3,100,110,3053,8827,35,7,2018,2,4,11,0,4,71,0,41,95,234,87,159,56,152,0,229,35,24,158,0,2,232,8,0,1,0,255,0,0,0,242,184,569,11,0,99,0,0,0,0,21,2,0,53,0,11,0,0,0
2,9334,3,404,18,2,2,917,0,761,6877,0,2051,1487,0,1,131,203,1506,231,744,0,17,155,4049,98,1,83,123,43,4233,21,0,2930,2,5,1,4,333,397,394,20169,31,2177,9343,120,0,5719,85,47,0,286,92,146,0,1802,12695,0,0,190,494,4753,16,1174,2,95,0,259,760,2,109,15760,387,644,4256,3392,0,374,18,1,148,187,0,1,2,837,2206,21,166,130,1025,228,276,67,782,502,14,3,14038,16,1,1208,812,987,2,5823,9,6,712,70,75,11,9,46,29,917,1301,120,550,526,14,0,52,2,0,0,2057,460,114,5876,723,7466,165,4851,1,166
1744,6525,362,7306,634,942,21,2610,1267,7,3603,26,14891,2188,3464,956,114,473,20681,159,1005,68,144,305,3229,217,461,91,34,1149,829,98,867,2343,56,513,74,15,845,49,5625,614,2227,48851,88,16,158,2473,427,78,816,433,163,131,297,513,152,26,370,201,43,17615,187,943,177,80670,646,33,14690,316,123,1723,91,55,2056,13064,43,50,2460,76,1131,16852,19,259,194,997,380,106,7,272,362,1208,182,57,760,1036,1705,68,1338,1233,35,145,2573,44,24,522,189,127,1443,27,667,37,56,117,105,21,848,71320,12335,145,428,3119,17,173,65,3,75,38,31,51,246,885,38,11,29,10
2627,22435,53,108,8622,9,20,11869,9605,4023,37302,1,201,2081,5330,895,88,136,558,1585,402,23,269,46,37995,3107,21,67,47,170,16440,2164,578,15338,47,6,1,0,1883,212,86,946,1230,885,3049,23,28,1870,173,62,181,95,2,10,427,465,2694,26,821,324,3832,593,31,6046,185,561,724,4,434,1226,21,875,175,1600,4792,384,3993,2193,248,71,23,479,7374,187,169,183,8256,42,2240,2211,3690,3765,4460,46,67,47,208,21,530,0,12,267,213,1394,688,36,254,77,22,73,459,1206,975,549,34,86,62,124,23,2699,9,490,18,62,636,4,9,5106,2368,6,1376,28,2341,9,1485,147
12,9625,13,235,329,10,14,634,2,5,7404,4,929,123,5,0,545,689,1483,1379,372,1,108,202,3156,100,3,316,1426,7,3225,677,0,2060,1,0,10,4,225,2,325,41,87,304,6,336,36,160,76,25,10,116,307,158,0,4,1165,0,0,373,244,942,29,1561,9,69,10,68,243,27,1,2533,307,1687,405,838,188,407,35,204,88,375,114,0,4126,37,1473,2,453,89,2,1,1105,1,94,43,55,4,2016,153,1,8,98,190,199,1116,0,16,201,36,0,21784,180,34,39,8,3424,40,52,190,42,0,51,1,3020,28,25,1323,1144,191,42,90,47,125,8494,40
1193,22361,64,226,24,68,60,23896,36,42,6223,19,1109,1325,0,7,93,617,9815,227,56,0,1175,330,5027,14,0,43,106,28,425,52,0,5348,75,5,0,0,2,3,668,186,148,195,14,93,1724,5161,518,29,0,737,62,208,1,65,3543,0,3,1,205,1878,7,724,15,9,1738,14,189,0,211,63317,119,1028,4767,20277,217,146,526,2748,175,2309,1,221,14,16,1084,6,4345,144,41,4812,7167,31,3137,675,1,1,80315,5,0,9395,2346,23,642,2373,0,19,627,94,153,3196,59,18,33,90,47387,35,99,79,175,2,243,7,3,0,0,343,2482,27244,279,87585,4,26124,3,115
0,11597,647,80,0,0,42,133,0,0,10066,23,7,0,0,0,257,325,1349,53,132,0,0,238,5353,17,21,189,893,0,2202,21,0,31974,0,136,1,4,2,0,1,0,2484,7,0,19,0,1120,17,24,0,0,36,78,0,0,56,57,0,2340,4,442,50,492,2478,596,0,6,319,0,31,4,20,5,486,14,0,6161,21,0,27,430,0,0,0,43,771,10,2,648,0,0,12,0,34,0,14,0,15,39,0,63,734,258,0,3,415,69,14,11,0,1,2,24,130,0,0,428,0,315,0,0,68,0,0,0,91,136,1,0,11,0,3,0,0,1
126,1365,136,259,195,2,37,667,50,100,2338,51,118,181,112,8,5,348,27330,351,6195,1,33,240,95,89,57,53,35,26,4358,269,34,2683,77,18,4,0,15,28,112,3038,277,760,388,23,38,114,201,27,5,10,2,50,1,9831,3193,10,3,394,7,9986,51,1167,95,53,111,15,2465,0,49,77,13,20,129,232,38,187,815,36,111,57,89,13,133,62318,603,19,58,73,11,64,14,270,520,18,55,32,67,7,3,20,128,151,25,44,68,1734,13320,34,34,3,18,121,2344,55,2,45,214,229,6,15,18,10,33,0,26,28,22,15,11,24,18,33,17,153
66,108619,66,737,142,1,15,237,13,326,6157,9,1163,296,168,107,75,14,8221,38,2360,125,10,970,839,37,14,25,24,24,1041,104,6,2086,1,7,5,0,7,17,124,526,1751,6522,11,4,6,656,1519,29,420,9,4,10,0,2208,3033,108,1,1722,17,152052,1674,1064,3058,1556,22,95,5703,0,4,418,133,10,508,1467,352,108,56,33,75,1148,5,13,614,108170,105,98,267,45,45,92,85,13,1138,28,103,2,4,87,44,122,4715,7,4,24,101,4147,854,1,1,15,62,7,461,121,93,1168,131,824,8,344,0,2,1,1,0,1265,15,158,69,3,0,2,1,180
315,12358,555,636,235,39,48,6323,99,4,1920,25,1459,39,117,31,1499,355,972,1050,989,77,19,814,430,1002,24,401,253,852,213,23,9,129,2,48,4,4,176,30,556,37,64,150,14,180,39,1220,129,537,46,756,337,246,16,9,105,2,4,98,96,143,87,177,26,303,61,19,99,64,33,243,155,41,544,192,11,15,193,191,505,132,45,8,3,149,259,11,44,192,5,4,9,3,67,13,373,157,210,229,0,27,336,26,3,479,1,11,57,352,4,37,43,6,11,1,4,84,35,113,6,21,23,0,0,4,6,0,26,8,18,25,1,8,2,16
1,1503,0,1350,302,62,0,126,0,8,3350,0,295,460,0,1,47,1571,1013,903,51,0,271,55,737,46,65,86,1115,0,594,101,0,1789,38,0,1,18,0,0,61,823,169,3139,6,269,430,234,4,0,0,96,129,299,0,370,1,0,0,0,330,132,64,302,23,23,8941,0,17,0,0,92,0,40,21,626,0,1181,6,836,45,597,0,0,1,6,1280,0,1061,4,6762,11028,1059,20,3,12913,27,0,1006,583,0,1,607,128,0,294,0,16,2,4,581,0,2,5,2,79,0,4,565,260,25,6,790,17,0,0,0,6,127,646,19,77,0,628,0,14
11,6789,72,480,360,1,2,6300,0,8,12036,11,4485,41,0,0,189,529,1356,1354,130,0,96,170,2664,90,5,85,1280,10,11556,71,0,2057,3,0,2,1,52,7,472,32,94,642,720,168,0,2705,91,11,1,193,139,169,0,306,2203,1,75,17,77,586,14,1166,4,27,0,75,342,107,55,7640,263,1786,263,3992,120,5,52,125,40,57,1,0,2759,44,1829,44,347,87,4,5,255,0,95,74,73,7,7040,30,1,43,112,3977,11403,4124,0,12,303,12,0,613,40,34,40,708,6386,26,68,415,56,0,25,2,18178,0,0,111,1103,108,15,7523,43,1689,5332,138
334,8124,85,176,2695,12,30,821,50,14,7356,2,3160,52,205,3,303,169,1182,344,244,2,4,203,2811,347,6,106,67,1481,1302,73,7,924,12,21,4,2,412,14,750,13,62,712,5,61,4,517,100,45,249,110,50,16,0,28,424,2,2,118,4456,293,60,1947,4,298,27,37,676,80,15,223,1886,246,654,765,22,37,40,101,357,189,43,57,6,267,1789,22,55,209,5,6,439,1,224,0,73,90,320,96,1,69,187,30,419,95,59,11,20,64,12,124,574,40,6,116,1762,70,93,121,181,1308,5,6,1,16,0,235,1419,7,118,3,67,7,1,66
305,2027,72,27,136,0,13,4604,165,4,374,11,598,2829,216,1362,17,256,626,455,330,10,83,274,15372,81,5,39,35,21,12149,684,6,10173,32,22,0,2,290,18,39,660,535,444,89,26,85,5542,1054,14,25,33,2,54,190,1791,776,0,1253,87,194,656,67,8139,565,2818,587,24,115,267,108,612,133,31,288,368,367,73,445,37,11,397,25,173,3,140,669,14,16,189,574,18,287,5,192,17,14,11,721,0,356,45,105,273,603,606,35,60,121,23,15,673,222,1199,31,2769,17,399,41,325,323,1097,52,88,104,5,5,240,71,668,14,625,1245,663,1,172
18,3694,237,396,18,1,286,97,0,1,1910,203,20,87,0,1,288,446,9306,185,6483,1,13,82,2020,95,7,92,551,2,587,95,0,55,2,31,3,0,0,4,6,61,785,83,35,275,13,29,1,2,7,11,5,30,0,122,217,112,0,1316,2,3937,130,158,447,18,118,39,104,1,41,57,3,21,362,5520,2,707,713,7,425,198,2,6,16,3285,192,23,27,18,33,78,22,18,6001,4,20,0,16,29,0,6,83,14,3,23,759,2512,186,2,7,9,0,34,369,138,0,4,26,43,6,1,15,0,5,0,2,29,9,10,97,13,24,11,0,16
21,18326,1159,241,81,0,5,551,163,11,31191,4,22959,7384,0,0,37,25,579,247,278,0,179,82,11284,46,2,335,8,246,4044,520,0,11340,1057,0,1,51,36,434,2056,9103,107,8652,1722,6,738,3830,173,53,0,946,3,6,0,20695,2614,23,0,257,0,3215,9,5860,1074,944,1640,8,218,0,68,3936,2,2772,83,133,2,234,11,1435,1,96,0,2,38,99,3748,129,53,39,280,580,8861,223,25,333,4,2,1933,2,2,4972,147,97,6,1779,24,102,8,2,159,23,45,281,166,17949,36,905,219,534,41,0,5,1443,11,0,50,1055,117,1718,2,2151,1888,1722,1,608
2,4002,8,419,12,5,1,8209,0,9,2189,1,280,8,0,0,27,86,5422,64,141,0,6,93,690,70,1,12,43,10,491,54,0,374,0,0,0,0,184,5,41,29,12,84,717,39,1,1415,80,42,0,79,63,19,0,9,4095,1,0,4,35,637,6,361,12,69,4,6,235,0,13,59113,1023,190,837,14427,1,2,14,74,65,58,1,1,1011,47,1492,2,65,46,1,150,624,0,3661,11,27,0,59035,17,0,8153,3130,19,989,26305,0,5,42,3,1,5738,70,3,0,130,408,63,13,29,481,0,39,0,1184,0,0,546,1088,27111,14,66826,10,25527,412,49
315,2599,52,1183,130,3,6,2621,222,2,7277,62,5371,682,2643,632,55,204,2470,21,63,5,4,184,1543,130,8,67,42,373,3771,12,176,1827,9,365,3,3,117,11,342,892,406,14886,750,35,179,2081,166,36,202,469,5,84,285,33,522,3,396,238,45,2821,138,153,175,30873,218,43,4089,38,79,104,33,310,2546,28,321,23,19,84,24,651,111,138,175,18,240,69,368,349,62,52,69,539,326,126,323,58,22,146,295,415,18579,15,53,60,294,44,1017,21,87,152,20,174,9,27,18,458,4560,657,685,572,5,19,225,0,41,14,19,353,1486,6,30,4,125,194
1199,3410,5,5927,744,5,0,1577,620,8,4383,0,7457,1033,1794,822,289,288,6021,211,271,43,189,104,1837,686,11,155,15,486,671,92,873,735,237,7,4,2,154,105,4032,545,113,27801,453,131,297,184,67,29,134,665,272,303,303,1308,343,0,22,1,96,267,288,287,6,9868,374,6,1845,61,69,79,15,62,71,4184,118,31,1306,123,51,97,91,173,613,229,209,0,10,29,221,277,169,98,1108,198,949,142,51,77,96,204,11097,19,41,26,0,82,60,260,214,49,34,72,29,93,12,2774,1198,40,63,403,8,50,117,0,0,12,58,21,22,23,9,28,314,126
399,6859,14,23,1841,6,3,2879,416,122,21640,7,327,597,250,41,81,36,62472,304,979,4,113,93,69124,739,8,200,30,84,67231,663,293,7105,791,8,4,2,677,31,164,706,682,253,394,18,514,495,195,24,94,115,7,15,231,5606,1931,1,325,272,419,13756,30,11149,132,3170,347,79,6328,353,74,399,454,267,2101,195,325,2671,318,96,13,175,169,102,287,25721,2435,54,16,184,134,371,799,169,140,85,15,36,485,22,93,66,143,1926,73,146,494,26834,21725,3310,101,97,531,112,106,5090,56,290,146,1882,7,3187,44,56,1500,0,14,735,255,279,220,102,74,276,214,69
245,3805,58,466,309,4,0,946,329,93,4041,1,898,275,1118,191,56,49,834,84,42,8,2,134,1069,9,90,20,6,1049,1802,34,17,867,182,2,6,2,150,45,618,1306,13,9007,599,26,411,13816,138,66,22,274,6,23,27,4781,934,6,1,17,75,1343,4,1775,3,3896,428,23,1451,20,15,756,36,360,1013,155,199,663,59,59,85,136,48,243,139,19,1054,17,47,515,50,370,1575,53,51,107,16,9,724,9,378,171,5551,149,14,289,0,28,283,10,28,114,36,519,16,787,138,2419,315,1506,2691,813,0,5,246,248,0,8,15,208,5,86,40,207,31,630
1980,3013,0,4056,15313,1,0,583,9,63,18559,0,540,0,161,0,6,17,2489,306,375,2,0,18,4590,313,1,11,3,901,2354,10,0,1886,0,20,0,0,1,44,527,0,4,3857,0,11,0,192,255,10,2131,60,5,10,0,0,0,0,67,0,830,318,5,10291,0,3879,0,0,787,14,13,3,44,51,77,1496,6,1,68,0,2,115,87,1249,0,45,846,12,0,30,0,17,11,0,58,0,748,201,0,0,14,0,3100,4410,37,8,0,9,19,1,0,1,1405,203,0,0,31,2870,771,2936,11,373,0,0,0,0,0,17,3,0,71,0,1373,0,0,0
109,7499,82,1174,560,766,8547,790,220,3,1321,1511,174,1318,152,27,4735,19531,196,129,284,0,293,1396,705,265,518,1250,8655,5,748,22,11,1047,22,93,6,101,36,5,4,293,21194,155,34,5978,327,249,460,154,46,5,1282,3057,3,1,55,963,8,649,14,106,631,15,1000,7,508,8,124,3,9,190,10,167,787,37,26,33,23,65,735,18,18,351,445,8,58,133,167,48,447,736,10,126,2,337,262,0,111,565,227,33,59,12,17,210,103,37,2,8,619,4,15,1,114,0,31,2,6,6,0,0,3764,0,11,0,12,0,67,65,41,36,7,60,55,4
161,3395,7,551,7,14,0,137,46,5,7476,0,280,16478,8,6,1,46,717,24,66,21,417,18,3630,4,6,1,12,0,1957,4,40,5071,4859,2,0,0,39,0,349,12,119,7320,4,10,1,43,9,2,2,12,1,2,1,129,1,0,0,0,0,36,3,618,7,1244,152,3,61,1,22,2046,0,3092,37,110,0,85,82,11,15,4,0,0,0,15,1686,4,341,20,1136,629,1646,6367,2,393,121,0,4461,10,0,0,491,92,0,860,0,6,83,1,389,0,10,28,5,1464,0,1118,121,665,7,2,2,250,0,0,0,0,61,133,27,100,9,217,0,122
0,3749,0,542,1570,0,0,3940,1,3,2193,0,711,46,0,0,16,488,335,242,119,0,8,158,2417,42,7,18,348,2,4022,12,0,1448,0,14,0,0,15,2,359,72,91,542,248,146,0,305,6,2,0,240,62,202,0,8,13,0,75,0,0,60,9,925,0,33,0,7,126,0,22,67,3,9,167,119,0,0,13,1,125,19,0,0,1739,21,380,2,8,14,8,11,2645,3,5,29,210,9,116,3,0,1,41,3856,1408,71,0,17,0,4,0,2889,0,2,3,0,309,202,146,289,105,204,24,0,57,1,0,202,24,1,7,85,1,0,4398,143
69,3486,555,913,300,389,254,264,113,4,171,14,724,77,40,38,656,98,1060,218,37,12,994,739,135,165,1,58,26,152,40,53,6,80,1,137,8,4,60,0,208,2001,19,60,66,51,83,302,269,60,90,52,122,40,3,26,7,9,6,20,11,288,45,8,6,14,27,199,271,11,0,414,17,17,684,101,9,0,36,96,8,10,17,9,1,3,11,31,23,20,1,2,4,0,5,4,20,6,296,65,8,0,21,4,243,315,41,2,2,13,0,9,25,6,3,15,1,1,9,7,433,9,4,3,11,340,0,2,30,1,2,3,0,1,2,21
0,2096,290,49,0,0,4,215,0,2,1640,12,14,6,0,0,2,16,571,16,47,0,44,97,727,74,389,5,31,0,1023,14,0,3678,10,16,1,0,6,0,4,497,456,25,1342,1,0,154,2,339,0,0,8,4,0,2,4348,10,0,1106,8,119,2,193,204,583,21,4,199,0,13,68,14,7,261,85,0,999,46,0,3,24,0,0,1,26,103,12,0,57,0,25,121,2,201,0,28,0,83,14,0,1816,566,14,6,67,403,12,16,9,0,3,8,32,112,4,7,20,0,30,0,0,14,0,0,0,4673,62,0,68,60,0,33,0,1,0
172,7591,115,78,386,11,23,1019,30,14,7573,23,305,806,83,25,7,54,434,1825,279,0,19,603,5125,27,2,11,6,42,12987,231,25,4629,29,21,1,0,35,1,158,543,155,196,91,7,110,442,16,81,59,40,2,27,3,636,528,88,93,871,215,1117,528,3227,252,168,66,88,374,12,30,163,24,40,365,139,60,1989,17,121,4,2248,30,14,1230,36,1270,10,2,762,6,158,56,13,31,6,2,4,172,1,35,105,86,780,13,114,90,37,225,5,9,78,555,53,15,142,71,16,678,827,3,175,3,12,67,0,10,783,129,20,190,76,96,22,164,40
17,10559,689,239,14,13,38,1467,6,0,6484,36,581,148,4,0,210,874,353,487,131,0,76,171,2939,324,64,170,215,32,1358,248,3,2615,9,11,12,3,802,80,426,468,194,630,112,240,1545,6755,39,37,8,44,191,172,1,90,1695,0,4,102,3384,215,35,855,440,36,1521,21,135,34,2,1397,4527,4119,2913,156,1,317,35,4813,85,128,4,1,33,29,5680,16,338,1557,161,6858,185,38,39,296,41,6,1204,90,3,692,108,131,415,3876,4,19,107,692,77,355,1902,72,19,257,750,51,323,90,6,5,251,20,329,0,0,122,581,245,201,2581,11,367,341,42
0,6473,2,570,57,4,1,3914,0,97,3601,0,425,781,0,0,46,97,1957,205,66,0,1206,86,2084,12,7,32,115,0,695,14,0,4257,21,1,3,0,21,0,966,97,20,86,4,23,27,3013,76,5,0,372,26,227,0,256,304,0,0,178,311,243,42,273,23,5,28,30,1,0,2,9242,11,455,2094,10695,0,191,102,1314,48,12,0,0,10,7,466,0,773,110,71,106,1577,22,3343,214,0,0,48188,16,0,1975,1671,7,75,18094,1,20,121,27,147,218,15,16,24,37,636,12,89,28,29,0,61,27,1,0,0,6,1405,1459,361,35165,3,62179,0,10
834,3578,113,501,360,78,40,499,187,14,679,25,1274,196,652,245,202,351,2768,401,125,26,20,305,3474,128,37,51,285,89,409,2,69,449,51,118,0,27,191,5,284,157,274,445,192,162,11,127,80,62,132,8,49,115,12,0,247,44,13,109,315,4756,46,38,96,618,58,117,165,135,0,82,184,132,1282,398,162,307,56,36,182,472,30,26,12,33,798,55,64,407,59,223,932,24,182,14,557,29,63,712,0,23,370,41,12,4,135,12,2716,9,40,13,103,6,4,2,10,362,72,2638,4,92,28,1,3,0,25,21,64,4,240,5,1,3,1,2
0,11232,0,200,817,0,1,12132,0,42,7532,1,826,134,0,0,7,41,7251,209,68,0,1323,22,1536,10,0,25,24,23,629,24,0,5251,9,1,0,0,34,0,275,554,89,165,717,23,5160,11360,94,4,0,780,16,19,0,24,1028,0,0,0,10,427,22,111,82,28,10793,0,8,0,222,39440,12,1038,2394,14583,0,374,2,6771,73,12,0,0,184,7,602,1,151,137,18,569,1203,11,3937,43,10,0,50718,11,0,4398,2600,9,2,22215,204,28,3,58,37,74,7,25,17,87,1865,16,6,49,37,0,2,0,0,0,0,43,2018,13404,600,1553,36,20286,0,97
307,5371,62,81,522,11,22,297,206,2,4350,9,1108,138,4454,107,24,78,238,100,57,0,54,68,1671,26,2,13,4,158,2323,41,42,1580,85,7,8,1,198,89,125,80,24,364,34,38,30,907,9,2,996,191,10,30,21,212,83,14,6,116,101,46,0,1815,199,545,48,0,97,24,7,146,42,70,688,60,7,15,22,34,49,61,70,951,41,45,778,188,11,144,164,119,96,58,10,8,37,0,35,23,70,41,307,429,18,43,3,9,1,3,0,19,10,80,33,603,6,423,10,533,5,215,18,6,0,0,25,85,8,7,61,39,556,32,7,141
0,4964,0,338,37,54,0,3933,1,97,5405,0,455,796,0,0,24,371,3809,300,26,0,84,264,2140,23,4,22,58,2,640,8,0,5772,23,1,0,0,21,0,1016,574,11,84,10,28,21,2690,76,2,0,252,32,56,0,286,162,0,0,0,0,549,40,468,2,10,26,30,0,0,2,5105,5,2710,1849,7318,0,83,0,1429,162,12,0,2,9,3,281,0,883,111,54,88,1009,28,4241,81,1,0,29898,14,0,1321,1094,2,2,15122,0,1,428,29,847,75,18,11,13,43,166,3,89,26,29,0,295,14,0,0,0,479,4549,12094,367,31857,6,570,0,10
49,3328,0,1125,1586,0,0,3814,14,1,5272,0,477,30,0,0,71,478,410,231,38,0,92,19,2253,64,81,66,629,57,1782,52,0,1672,0,0,1,1,1,0,197,483,117,518,60,174,0,130,23,1,0,55,40,90,0,0,130,0,0,0,0,85,24,1601,0,24,0,0,118,0,73,901,0,92,168,960,0,0,21,3,17,55,2,0,2596,48,275,1,207,15,2,62,1057,60,46,18,216,2,1124,19,0,0,61,3896,3426,137,0,35,4,3,0,8024,5,1,2,0,2211,193,137,54,13,0,32,0,16234,0,0,191,54,0,10,849,2,0,126,50
663,7897,1058,74,206,18,5,1058,0,527,16711,18,12874,2893,0,0,43,85,878,327,310,79,40,157,7683,201,5,29,30,210,2641,72,0,6493,840,9,9,2,30,234,1897,6085,121,3072,3437,9,699,568,136,62,0,722,17,3,0,12990,6332,26,0,189,45,56,4,2822,393,172,550,1,1050,8,43,2215,88,1197,167,144,87,134,93,384,61,33,160,1040,891,159,2377,12,1846,67,118,126,7083,64,53,221,3,12,1921,10,326,3380,70,83,216,340,3,116,37,8,82,315,60,171,125,2814,267,329,784,1331,328,0,0,1185,189,2,3,75,272,1765,0,58,1097,1750,161,4251
